Player,Team,Age,Pos,Salary,ADP,Favorite,GP,W,L,OTL,GA,SA,SV,SV%,GAA,SO,QS,RBS,VOR,Rank,Pts,Fantasy Team,GP Org,playerId
Andrei Vasilevskiy,TBL,32,G,$44,83.6,FALSE,56,35,17,4,139,1522,1383,0.909,2.48,3,36,8,657,1,238,,56,8476883
Logan Thompson,WSH,29,G,$40,113.8,FALSE,56,33,18,5,143,1568,1425,0.909,2.56,3,35,8,602,2,240,,56,8480313
Connor Hellebuyck,WPG,33,G,$39,106.1,FALSE,61,33,22,6,157,1697,1540,0.907,2.58,4,39,7,587,3,252,,61,8476945
Scott Wedgewood,COL,34,G,$32,219.1,FALSE,45,28,14,3,112,1221,1110,0.909,2.48,3,28,7,483,4,191,,45,8475809
Igor Shesterkin,NYR,31,G,$31,127.7,FALSE,54,29,20,5,143,1551,1408,0.908,2.64,3,32,11,467,5,228,,54,8478048
Jet Greaves,CBJ,25,G,$26,162.5,FALSE,53,28,20,5,142,1503,1361,0.906,2.68,3,34,8,384,6,218,,53,8478009
Ilya Sorokin,NYI,31,G,$26,124.7,FALSE,59,30,23,6,164,1732,1568,0.905,2.78,5,34,10,384,7,246,,59,8482982
Jake Oettinger,DAL,28,G,$22,121.6,FALSE,53,30,18,5,142,1443,1301,0.902,2.67,3,30,10,324,8,211,,53,8480280
Jeremy Swayman,BOS,28,G,$21,138.7,FALSE,54,28,21,5,149,1555,1406,0.904,2.76,3,33,10,305,9,221,,54,8479979
Joel Hofer,STL,26,G,$18,183.1,FALSE,45,24,17,4,122,1287,1165,0.906,2.70,4,27,7,258,10,188,,45,8480981
Dan Vladar,PHI,29,G,$16,-,FALSE,50,26,19,5,135,1369,1234,0.902,2.69,2,31,10,236,11,194,,50,8475311
Jesper Wallstedt,MIN,24,G,$16,188.8,FALSE,46,24,18,4,127,1357,1230,0.906,2.76,4,30,7,232,12,196,,46,8476999
Karel Vejmelka,UTA,30,G,$16,142.9,FALSE,55,31,19,5,152,1504,1351,0.899,2.77,2,28,13,224,13,211,,55,8482661
John Gibson,DET,33,G,$15,233.6,FALSE,55,27,22,6,156,1588,1432,0.902,2.83,2,29,10,222,14,219,,55,8478872
Joey Daccord,SEA,30,G,$15,261.9,FALSE,53,26,21,5,151,1547,1396,0.903,2.84,3,31,10,211,15,214,,53,8478435
Darcy Kuemper,LAK,36,G,$15,236.8,FALSE,47,25,17,4,124,1249,1126,0.901,2.63,3,26,10,209,16,180,,47,8478916
Linus Ullmark,OTT,33,G,$10,186.2,FALSE,48,27,17,4,133,1331,1198,0.900,2.77,3,29,8,142,17,190,,48,8476434
Dustin Wolf,CGY,25,G,$10,199.4,FALSE,54,26,22,6,157,1587,1429,0.901,2.91,2,28,10,136,18,215,,54,8481692
Mackenzie Blackwood,COL,30,G,$8,182.1,FALSE,40,22,14,4,109,1130,1021,0.903,2.73,3,25,7,109,19,164,,40,8478406
Spencer Knight,CHI,25,G,$7,186.2,FALSE,54,25,23,6,155,1541,1386,0.899,2.87,3,29,10,97,20,206,,54,8479406
Filip Gustavsson,MIN,28,G,$7,217.1,FALSE,40,21,15,4,111,1157,1046,0.904,2.78,3,23,7,92,21,166,,40,8476932
Anthony Stolarz,TOR,33,G,$7,291.7,FALSE,36,20,13,3,98,1030,931,0.905,2.73,2,22,6,85,22,149,,36,8482487
Jakub Dobes,MTL,25,G,$4,159.4,FALSE,44,24,16,4,124,1243,1119,0.900,2.82,1,27,9,44,23,172,,44,8481519
Sergei Bobrovsky,TOR,38,G,$3,183.9,FALSE,48,26,18,4,132,1257,1125,0.895,2.75,4,28,10,25,24,175,,48,8477967
Thatcher Demko,VAN,31,G,$2,284,FALSE,45,23,18,4,127,1259,1132,0.899,2.82,3,25,9,23,25,174,,45,8481611
Anton Forsberg,LAK,34,G,$2,285.6,FALSE,37,18,15,4,102,1044,942,0.903,2.75,3,21,8,21,26,147,,37,8483548
Brandon Bussi,CAR,28,G,$2,217.2,FALSE,41,25,12,3,107,1010,903,0.894,2.62,2,22,10,15,27,148,,41,8474596
Pyotr Kochetkov,CAR,27,G,$1,279.2,FALSE,35,20,12,3,93,921,828,0.899,2.65,3,18,8,0,28,135,,35,8475683
Jake Allen,NJD,36,G,$1,266.2,FALSE,45,22,19,5,130,1300,1170,0.900,2.89,2,24,9,-7,29,176,,45,8479193
Lukas Dostal,ANA,26,G,$1,163.8,FALSE,55,27,23,6,168,1635,1467,0.897,3.06,2,28,10,-16,30,214,,55,8480843
Ukko-Pekka Luukkonen,BUF,27,G,$1,238.1,FALSE,40,22,15,4,113,1122,1009,0.899,2.83,2,24,8,-37,31,157,,40,8480045
Casey DeSmith,DAL,35,G,$1,289,FALSE,30,16,11,3,81,838,757,0.903,2.71,1,17,6,-38,32,121,,30,8476341
Jacob Markstrom,FLA,36,G,$1,172.2,FALSE,50,26,19,5,143,1336,1193,0.893,2.86,2,25,10,-62,33,178,,50,8474593
Juuse Saros,NSH,31,G,$1,155.1,FALSE,59,27,25,6,183,1737,1553,0.894,3.11,2,30,10,-67,34,221,,59,8477424
Michael DiPietro,BOS,27,G,$1,-,FALSE,28,15,11,3,77,806,729,0.904,2.76,1,14,6,-84,35,114,,28,8484170
Alex Lyon,BUF,34,G,$1,287.8,FALSE,35,18,14,3,102,1013,911,0.900,2.90,2,20,7,-143,36,139,,35,8479973
Sebastian Cossa,UTA,24,G,$1,291.2,FALSE,30,17,11,3,83,820,737,0.899,2.77,1,15,7,-153,37,115,,30,8479312
Jacob Fowler,MTL,22,G,$1,282.6,FALSE,30,16,11,3,83,818,735,0.899,2.76,2,17,6,-154,38,115,,30,8482445
Adin Hill,VGK,30,G,$1,289.1,FALSE,40,22,15,4,114,1070,957,0.894,2.84,2,19,9,-159,39,146,,40,8478499
Devin Cooley,CGY,29,G,$1,289.9,FALSE,28,14,12,3,79,800,722,0.902,2.81,0,18,6,-169,40,109,,28,8479361
Joseph Woll,PHI,28,G,$1,290.3,FALSE,35,18,14,3,105,1065,960,0.901,3.00,1,20,8,-175,41,145,,35,8481668
Carter Hart,VGK,28,G,$1,236.4,FALSE,40,21,15,4,116,1113,997,0.895,2.91,1,22,8,-178,42,149,,40,8478971
Akira Schmid,FLA,26,G,$1,292.9,FALSE,32,17,12,3,90,855,766,0.895,2.80,2,13,8,-234,43,117,,32,8479496
David Rittich,NJD,34,G,$1,292.2,FALSE,30,15,12,3,84,809,725,0.896,2.80,2,17,6,-252,44,110,,30,8479394
Philipp Grubauer,SEA,35,G,$1,283.6,FALSE,31,16,12,3,91,886,796,0.898,2.92,1,16,6,-263,45,119,,31,8475831
Arturs Silovs,PIT,25,G,$1,283.4,FALSE,40,21,15,4,119,1104,984,0.892,2.98,2,19,12,-279,46,146,,40,8475883
Justus Annunen,NSH,26,G,$1,293.3,FALSE,25,13,9,2,72,708,636,0.899,2.86,1,14,4,-288,47,98,,25,8482221
Devon Levi,EDM,25,G,$1,-,FALSE,25,13,10,2,75,756,681,0.901,2.99,1,12,5,-316,48,103,,25,8483710
Frederik Andersen,EDM,37,G,$1,261.6,FALSE,32,17,12,3,92,845,754,0.892,2.86,2,16,9,-327,49,114,,32,8481020
Charlie Lindgren,WSH,33,G,$1,289.6,FALSE,32,16,12,3,94,887,793,0.894,2.93,2,15,5,-334,50,119,,32,8477968
Dennis Hildeby,TBL,25,G,$1,293.4,FALSE,25,12,10,3,74,729,655,0.899,2.94,1,13,5,-342,51,98,,25,8479292
Jordan Binnington,STL,33,G,$1,290.1,FALSE,38,18,16,4,115,1061,947,0.892,3.02,2,20,10,-357,52,136,,38,8477480
Alex Nedeljkovic,SJS,31,G,$1,290.7,FALSE,30,15,12,3,90,859,769,0.896,2.99,1,17,7,-362,53,112,,30,8473575
Tristan Jarry,EDM,31,G,$1,287.7,FALSE,35,18,13,3,107,995,888,0.893,3.05,3,19,9,-373,54,132,,35,8477465
Eric Comrie,SJS,31,G,$1,-,FALSE,20,10,8,2,58,569,511,0.899,2.88,1,11,5,-377,55,77,,20,8476412
Stuart Skinner,WPG,28,G,$1,289.9,FALSE,25,14,9,2,71,671,599,0.894,2.85,1,13,6,-381,56,91,,25,8476914
Nico Daws,NJD,26,G,$1,-,FALSE,20,10,8,2,60,603,543,0.901,2.98,1,10,4,-389,57,82,,20,8482137
Semyon Varlamov,NYI,38,G,$1,-,FALSE,10,5,4,1,28,292,264,0.904,2.82,1,6,1,-389,58,41,,10,8482076
Connor Ingram,EDM,29,G,$1,-,FALSE,20,11,7,2,57,553,496,0.897,2.85,2,11,5,-394,59,77,,20,8475660
Sam Montembeault,MTL,30,G,$1,-,FALSE,33,17,13,3,100,936,836,0.893,3.02,1,18,8,-395,60,122,,33,8480193
Joonas Korpisalo,NYR,32,G,$1,-,FALSE,29,15,11,3,87,828,741,0.895,3.01,1,14,7,-402,61,109,,29,8480947
Daniil Tarasov,DET,27,G,$1,293.1,FALSE,30,15,12,3,92,873,782,0.895,3.05,1,16,6,-412,62,114,,30,8481033
Yaroslav Askarov,SJS,24,G,$1,189.6,FALSE,45,21,20,5,145,1323,1178,0.890,3.22,2,23,12,-416,63,163,,45,8478007
Ville Husso,ANA,31,G,$1,-,FALSE,27,14,11,3,82,775,692,0.894,3.05,0,13,7,-479,64,100,,27,8477970
Cam Talbot,DET,39,G,$1,-,FALSE,20,10,8,2,59,570,511,0.896,2.96,1,11,4,-491,65,75,,20,8482446
Elvis Merzlikins,CBJ,32,G,$1,293.4,FALSE,33,17,13,3,104,964,860,0.892,3.16,1,16,8,-491,66,123,,33,8478470
Kevin Lankinen,VAN,31,G,$1,291.5,FALSE,35,16,15,4,110,1006,896,0.891,3.13,1,18,10,-494,67,124,,35,8481551
Vitek Vanecek,NYI,31,G,$1,-,FALSE,20,10,8,2,60,561,500,0.893,3.01,1,9,6,-583,68,72,,20,8475717
Joel Blomqvist,PIT,25,G,$1,-,FALSE,15,8,6,1,45,436,391,0.896,3.01,1,8,4,-588,69,58,,15,8477992
Colten Ellis,BUF,26,G,$1,-,FALSE,10,5,4,1,29,284,255,0.896,2.94,1,5,2,-617,70,38,,10,8482821
Calvin Pickard,MIN,34,G,$1,-,FALSE,10,5,4,1,29,280,251,0.895,2.93,0,5,2,-631,71,38,,10,8481035
Samuel Ersson,OTT,27,G,$1,292.6,FALSE,30,15,12,3,91,782,690,0.883,3.04,1,14,9,-667,72,96,,30,8481035
Jonas Johansson,TBL,31,G,$1,-,FALSE,10,5,4,1,30,287,256,0.895,3.01,0,5,2,-678,73,38,,10,8481035
Arvid Soderblom,CHI,27,G,$1,-,FALSE,29,13,13,3,96,874,778,0.890,3.31,1,12,6,-703,74,104,,29,8481035