R#,NAME,TOTAL,POS,TEAM,GP,TOI,GOA,AST,PIM,BLK,SHP,SAV,GA,SHU,WIN
1,Connor Hellebuyck,208.12,G,WPG,61,60,,,,,0,"1,539.60",157.4,3.8,33.3
2,Ilya Sorokin,203.5,G,CBJ,59,60,,,,,0,"1,568.20",164,4.7,29.7
3,Logan Thompson,197.18,G,WAS,56,60,,,,,0,"1,424.60",143.4,2.9,33.2
4,Andrei Vasilevskiy,195.49,G,TB,56,60,,,,,0,"1,382.60",138.9,3,34.6
5,Igor Shesterkin,188.65,G,NYR,54,60,,,,,0,"1,408.30",142.6,3.2,28.8
6,Jeremy Swayman,179.94,G,DAL,54,60,,,,,0,"1,405.60",149,3,28
7,Jet Greaves,178,G,NYI,53,60,,,,,0,"1,361.00",142,2.7,28.3
8,John Gibson,176.06,G,UTA,55,60,,,,,0,"1,432.20",155.7,2.1,27.3
9,Joey Daccord,173.27,G,PHI,53,60,,,,,0,"1,396.00",150.5,2.5,26.3
10,Dustin Wolf,172.32,G,CGY,54,60,,,,,0,"1,429.40",157.1,2.2,26.1
11,Juuse Saros,172.32,G,NAS,59,60,,,,,0,"1,553.50",183.5,2.1,27.3
12,Jake Oettinger,170.3,G,BOS,53,60,,,,,0,"1,301.20",141.5,3,30.4
13,Lukas Dostal,168.4,G,ANA,55,60,,,,,0,"1,466.90",168.3,1.8,26.5
14,Karel Vejmelka,167.2,G,MIN,55,60,,,,,0,"1,351.40",152.4,1.7,30.6
15,Spencer Knight,165.78,G,MIN,54,60,,,,,0,"1,385.60",155,2.9,25.2
16,Jesper Wallstedt,163.3,G,OTT,46,60,,,,,0,"1,229.60",127,4.4,23.8
17,Scott Wedgewood,157.95,G,COL,45,60,,,,,0,"1,109.70",111.6,2.9,27.8
18,Joel Hofer,155.55,G,STL,45,60,,,,,0,"1,165.10",121.5,3.8,24.3
19,Dan Vladar,155.35,G,LA,50,60,,,,,0,"1,234.00",134.5,1.8,26.4
20,Linus Ullmark,152.79,G,DET,48,60,,,,,0,"1,197.60",133,3.1,26.7
21,Darcy Kuemper,145.83,G,SEA,47,60,,,,,0,"1,125.70",123.6,3.1,25.5
22,Jake Allen,140.92,G,DAL,45,60,,,,,0,"1,170.00",130.1,2.1,21.8
23,Thatcher Demko,140.43,G,CAR,45,60,,,,,0,"1,132.20",126.9,3.1,23.1
24,Sergei Bobrovsky,139.89,G,VAN,48,60,,,,,0,"1,124.60",132,4.1,25.8
25,Jacob Markstrom,139.21,G,FLA,50,60,,,,,0,"1,193.00",143,2.5,25.8
26,Jakub Dobes,136.86,G,CHI,44,60,,,,,0,"1,118.90",124.1,0.9,23.5
27,Filip Gustavsson,135.99,G,TOR,40,60,,,,,0,"1,046.00",111.2,3.1,21.3
28,Mackenzie Blackwood,133.68,G,COL,40,60,,,,,0,"1,021.20",109.2,2.7,22.2
29,Ukko-Pekka Luukkonen,125.81,G,BUF,40,60,,,,,0,"1,009.20",113.2,2.2,21.9
30,Yaroslav Askarov,125.15,G,CBJ,45,60,,,,,0,"1,177.70",144.9,1.8,20.6
31,Anthony Stolarz,121.81,G,MON,36,60,,,,,0,931.3,98.3,2.2,19.6
32,Anton Forsberg,120.61,G,CAR,37,60,,,,,0,942,101.8,3.1,18.5
33,Carter Hart,116.79,G,EDM,40,60,,,,,0,996.8,116.4,1.2,21
34,Joseph Woll,116.06,G,PIT,35,60,,,,,0,960.1,105,1.2,17.7
35,Brandon Bussi,115.32,G,NJ,41,60,,,,,0,902.8,107.4,2,25.5
36,Adin Hill,114.76,G,VEG,40,60,,,,,0,956.8,113.6,2.3,21.6
37,Arturs Silovs,113.27,G,EDM,40,60,,,,,0,984.4,119.2,1.9,21.3
38,Alex Lyon,112.03,G,WPG,35,60,,,,,0,911.1,101.5,2.1,18.1
39,Pyotr Kochetkov,108.6,G,TOR,35,60,,,,,0,828.5,92.8,2.5,20.4
40,Jordan Binnington,105.43,G,SJ,38,60,,,,,0,946.6,114.8,1.7,18.3
41,Tristan Jarry,104.11,G,EDM,35,60,,,,,0,888.3,106.8,2.9,18.3
42,Casey DeSmith,97.6,G,LA,30,60,,,,,0,756.9,81.3,1.5,16.4
43,Kevin Lankinen,96.03,G,BUF,35,60,,,,,0,896.4,109.6,1.4,15.7
44,Elvis Merzlikins,94.56,G,MON,33,60,,,,,0,860,104.3,1,16.6
45,Sam Montembeault,94.39,G,DET,33,60,,,,,0,835.9,99.7,1.1,16.5
46,Charlie Lindgren,94.02,G,SJ,32,60,,,,,0,793,93.8,2.3,16.4
47,Philipp Grubauer,93.52,G,SEA,31,60,,,,,0,795.8,90.5,0.8,15.5
48,Akira Schmid,92.34,G,NJ,32,60,,,,,0,765.8,89.6,1.6,17.1
49,Michael DiPietro,91.94,G,MON,28,60,,,,,0,728.8,77.3,0.9,14.5
50,Jacob Fowler,91.55,G,CGY,30,60,,,,,0,735,82.8,1.5,16.2
51,Sebastian Cossa,91.21,G,BUF,30,60,,,,,0,737.1,83.1,0.9,16.7
52,Daniil Tarasov,88.48,G,FLA,30,60,,,,,0,781.5,91.5,0.6,15
53,Frederik Andersen,88.4,G,NAS,32,60,,,,,0,753.6,91.5,1.5,17.4
54,Alex Nedeljkovic,87.67,G,NYI,30,60,,,,,0,768.9,89.7,0.7,14.8
55,Devin Cooley,86.88,G,PHI,28,60,,,,,0,721.6,78.7,0.5,13.5
56,Joonas Korpisalo,85.48,G,VAN,29,60,,,,,0,741,87.3,1.2,14.9
57,Devon Levi,82.36,G,TB,25,60,,,,,0,681,74.8,0.6,13.1
58,Arvid Soderblom,79.66,G,OTT,29,60,,,,,0,777.8,96,0.6,12.5
59,Dennis Hildeby,78.63,G,WAS,25,60,,,,,0,655,73.5,1.3,12.4
60,Justus Annunen,77.9,G,EDM,25,60,,,,,0,636.3,71.5,1.2,13.1
61,Ville Husso,77.16,G,NYI,27,60,,,,,0,692.3,82.4,0.4,13.5
62,Samuel Ersson,71.7,G,OTT,30,60,,,,,0,690.3,91.2,1.4,14.7
63,Stuart Skinner,71.37,G,NYR,25,60,,,,,0,599.3,71.3,1.1,13.7
64,Nico Daws,66.03,G,SJ,20,60,,,,,0,543,59.6,0.7,10.4
65,Eric Comrie,61.43,G,STL,20,60,,,,,0,511,57.6,0.7,10.3
66,Connor Ingram,61.42,G,DET,20,60,,,,,0,496,57,1.5,10.8
67,Cam Talbot,59.27,G,PIT,20,60,,,,,0,510.8,59.2,0.8,9.8
68,Vitek Vanecek,55.81,G,MIN,20,60,,,,,0,500.4,60.2,0.7,9.7
69,Joel Blomqvist,45.57,G,TB,15,60,,,,,0,390.8,45.2,0.6,7.6
70,Semyon Varlamov,33.84,G,NJ,10,60,,,,,0,264.1,28.2,0.7,5.2
71,Colten Ellis,30.51,G,CHI,10,60,,,,,0,254.5,29.4,0.6,5.3
72,Jonas Johansson,30.02,G,OTT,10,60,,,,,0,256.4,30.1,0.4,5.3
73,Calvin Pickard,29.3,G,OTT,10,60,,,,,0,250.9,29.3,0.2,5.3